정류장명,거래건수,위도,경도
31사단,81438,35.1945351,126.9040784
4.19기념관,187375,35.161825,126.9178361
4수원지,2909,35.1638496,126.95962232767474
4수원지위,1773,35.156812,126.962349
5.18기념공원,64019,35.1561036,126.8551807
5.18기념문화센터,122648,35.1589246,126.8582796
5.18자유공원,62179,35.149116500000005,126.84036140358128
518민주화운동기록관,58413,35.1494035,126.9163222
CBS방송국,307619,37.5282189,126.8742783
EG아파트,12536,,
KT&G광주공장,135824,35.2011583,126.8747639
KTX체육기지,2258,,
LG전자광주물류센터,9266,35.2065503,126.7827004
RTM,11895,23.340708,75.0509934
가마,1791,35.171162,126.702753
가사문학관,1109,35.1872592,127.0045165
가산,522,36.0374898,128.5831584
가산(북),75,35.1341003,126.6771695
가삼,765,35.1566234,126.7218753
가야농원,362,35.1236615,126.9303106
가정,1085,37.5247194,126.6753212
가천아파트,314,35.152053949999996,126.78671748904381
가톨릭대평생교육원,72986,35.1493906,126.8708315
각화무등파크,98320,35.1786306,126.9349472
각화중,17225,35.1817042,126.9374767
각화초교,27610,35.1806611,126.9363361
갈전,1162,35.6175122,129.1246514
갑향리,863,35.27519,126.91055
강의리,3087,35.26364,126.90894
개동,1388,35.0917211,126.8270465
거진,154314,35.211966,126.8742813
건강협회,119964,35.147873,126.888924
건강협회(남),8441,35.147873,126.888924
건국동행정복지센터,10303,35.2222609,126.8808873
건국지구대,138204,,
검문소,573,37.7816703,126.3992438
경방,6949,35.1947639,126.80445
경신여고,1916285,35.1725699,126.8886774
경신여고(일방로),196016,35.173709,126.8885741
경암근린공원,40505,,
경제고용진흥원,1024,35.2088639,126.8149833
계림사거리,65615,35.1624097,126.9202272
계림초교후문,17475,35.1605083,126.9235167
계소리,1492,35.06119,126.95475
계소리1구,13085,35.051625,126.9586444
계소리3구입구,129,,
계수,90352,35.1620277,126.8581802
계수초교,148164,35.1551017,126.8455502
고내입구,4034,35.2385668,126.8628165
고려고,392699,35.1932,126.8985162
고려병원,9286,37.759113,128.899909
고려중,17795,,
고령친화종합체험관,5630,35.0973016,126.8951288
고룡정보산업학교,981,35.210222900000005,126.76781973537078
고서사거리,2723,35.2223278,126.9733556
고서중,460,35.224075,126.978375
고성리,1413,34.4916397,126.3210639
고실마을,97206,35.196305,126.815455
골옷교,32712,35.20228,126.816236
공간아파트,13312,34.579257850000005,126.5936583209826
공구단지,34308,35.1194644,126.8581596
공구의거리,31924,35.171145,126.882024
공군부대,9703,35.1261417,126.7867056
공군부대정문,683,,
공군부대후문,24291,35.12581,126.787728
공원묘지,4023,35.2352535,126.9351361
공원묘지입구,201,35.2161788,126.9496196
공항,716,41.29694395,2.0790473629813215
공항역,136304,35.1440184,126.8105372
과기원,22158,35.2245583,126.8413694
관두,623,25.1256883,121.4671617
광곡입구/빛여울초교,74722,,
광남고,2514,35.0385278,126.8420778
광림초교입구,8143,,
광명아파트,1919,37.442298,126.73736712950884
광명하이츠후문,131630,35.1616228,126.8667751
광산경찰서,44275,35.15281265,126.78270725094255
광산구노인복지회관,124095,35.1717056,126.8156866
광산구유스호스텔,330,35.1164528,126.684725
광산구청,273590,35.1409873,126.7938435
광산소방서입구,14995,35.1851,126.794712
광산엘리체입구,160,,
광산우산동행정복지센터,30532,35.1614268,126.8065583
광산중,304953,35.1590682,126.8076543
광신대교,25120,35.176148,126.8437923
광신스크랩,12146,35.2062111,126.8056821
광신아파트,26348,35.17783815,126.9300745379949
광암교입구,67358,35.1711845,126.8767693
광암복림,228,35.1479,126.69105
광이리,683,35.05355,126.83834
광일고,4066,35.2199111,126.742975
광주경제자유구역청,12344,,
광주고,3026,35.1573444,126.9204893
광주고/419역사관,380817,35.1573444,126.9204893
광주공고,18243,35.1882357,126.8965582
광주공고입구,953105,35.1888851,126.898859
광주공원,11646,35.14703685,126.90953667329121
광주광역시교육청(광덕고),88523,35.1476012,126.8804511
광주교도소,4538,35.209576299999995,126.91030356837004
광주교통방송,69523,35.2219937,126.8454993
광주국제양궁장,24307,35.1328601,126.8903540909731
광주국제영어마을,99,,
광주그린카진흥원입구,10379,35.194215,126.7912539
광주글로벌모터스,1393,35.17357045,126.67163528299159
광주기아챔피언스필드,131906,35.168626,126.890232
광주기아챔피언스필드입구,16156,35.1687111,126.8917222
광주기아챔피언스필드정문,11866,35.16611,126.88667
광주김치타운입구,48071,,
광주남초교,74606,35.1264301,126.9314539
광주농수산물유통센터(북),382640,35.185051,126.820281
광주농수산물유통센터(서),55910,35.184235,126.817372
광주다문화가족지원거점센터,21622,35.19330845,126.87660497726864
광주대,126891,35.1071759,126.8970661
광주대입구,222507,,
광주디자인센터,16564,35.223886,126.8465854373945
광주무역회관,223835,35.1617563,126.8098521
광주병원,998637,35.1790164,126.9292713
광주세무서,598075,35.1477839,126.91315538679402
광주송정역,741286,35.1377072,126.7901098
광주송정역(동),29445,35.1377072,126.7901098
광주시립1요양병원,665,,
광주시립미술관하정웅미술관,1480,35.1537675,126.8884692
광주어망,644,35.0348722,126.8370028
광주여대,525848,35.1653595,126.8016305
광주역,469534,35.1648195,126.9091687
광주역(동),61946,35.1639582,126.909743
광주역육교,117454,35.1668306,126.9107806
광주예술의전당,450208,35.1782727,126.8815383
광주예술의전당후문,62943,,
광주은행양산동지점,153901,,
광주이노비즈센터,1561,35.2376998,126.86747329455957
광주인력개발원,140670,35.1573361,126.7963167
광주일고/광주고용센터,382199,35.1550694,126.9076972
광주자동화설비공업고,245,35.15241,126.813582
광주종합버스터미널,3465193,35.16054415,126.87935775932172
광주중,23357,35.125786,126.855402
광주지방경찰청,1585,35.15372975,126.80052825057604
광주지방경찰청입구,53805,35.1586315,126.8004902
광주지방기상청,159742,35.1724043,126.8907479
광주축산농협산수동,1066,,
광주테크노파크,3590,35.2283139,126.8602667
광주테크노파크후문,5258,35.2305361,126.8631222
광주학생독립운동기념관,169637,35.1401707,126.8650207
광주학생문화회관,17527,35.1552927,126.8593359
광주학생운동기념탑,21509,35.1528015,126.9091722
광주호호수생태원,8273,35.1841662,126.99911273103693
광주효천시티프라디움,49089,,
광천E편한세상,37881,35.16385635,126.87833236970549
광천동,21980,35.1647499,126.8810106
광천초교,51204,35.159266,126.888679
광천치안센터,1453298,35.164372,126.8835974
광호예식장,122,35.1635475,126.9070729
교대금호어울림,121962,35.1645889,126.9310389
교동,998,38.2031247,128.5823564
교산,751,35.2249944,126.9846167
교육대,222777,35.1638414,126.9238548
교촌마을,1689,,
교통공원,62287,35.217494,126.8548367
구 하남북초교,55,35.2134598,126.7949012
구강리,3304,35.04038,127.37712
구남구청,137531,35.1235868,126.9092292
구룡(대촌),731,35.0947107,126.8135656
구룡(본량),4045,35.2068306,126.6869111
구소,802,35.0531917,126.8118444
구시청사거리,10965,35.14526275,126.91724711697026
구신한포토닉스,17455,35.2239061,126.8566549
구암,17960,36.3566891,127.3306399
구암1리,297,35.0334667,127.0730389
구암2리,245,35.030303,127.075646
구야촌,39,35.1384658,126.82324
국립5.18민주묘지,2836,35.234666,126.94112030974225
국립광주과학관,42111,35.2279919,126.8511427
국립광주박물관,30433,35.188983449999995,126.8830858
국립광주박물관입구,23912,,
국립나주병원,843,35.009423999999996,126.82609668741905
국립아시아문화전당(구.도청),1238863,35.1481904,126.9185135
국립전파연구원,49231,35.02183195,126.79565576622103
국제고,340340,35.199721,126.8999748
그린파크,4723,37.711101799999994,126.90381619565902
극락강역입구,129964,35.178965,126.8289195
극락초교,16298,35.1664391,126.8583661
근형기업,11155,35.1294756,126.7614089
금강1길,37812,,
금곡,5208,35.2673839,129.0168673
금구중,32948,35.1761556,126.8155944
금구초교,39239,35.1779031,126.8150666
금남로4가역,816014,35.1513165,126.9135119
금남로5가역,530308,35.152818,126.911605
금당,2074,35.2407296,126.8692735
금당중,35680,35.1308608,126.887447
금복중,206,35.161716,126.685077
금호2동주민센터,22959,,
금호도개공아파트,59530,35.132488,126.8615611
금호모아아파트,153683,35.1327877,126.8644635
금호베어스타운,4880,35.144772,126.8569759
금호시영아파트,383049,35.1360958,126.8589337
금호아파트,104755,37.54486595,127.1422332645862
금호저수지입구,14429,35.132796,126.8487009
금호전기,2096,35.206729,126.804616
금호초교,73003,35.1431388,126.8575644
금호타운아파트,142434,37.5998637,127.10783454707845
금호타이어,129687,35.1446833,126.7903361
금호한국아파트,233572,35.1334592,126.8591228
금호호반아파트1차,3291,35.1379391,126.8587146
기곡,1326,35.1260531,126.7425418
기독병원,38506,37.47121925,126.63192795376851
기룡마을,1800,34.9800016,127.3766045
기룡마을입구,471,35.0998256,126.7677412
기아자동차,310752,37.5158807,126.89229915934192
기아차정문,196142,35.1645711,126.8771436
기아차중문,146174,35.161443,126.871522
기아차하남공장,771,35.2087948,126.8000065
김대중컨벤션센터,22116,35.1431984,126.8412775
김대중컨벤션센터(마륵)역,91876,35.142718,126.8407656
김대중컨벤션센터(마륵)역(북),53721,35.1439537,126.8410427
김대중컨벤션센터후문,377,,
까치고개,300758,36.2962335,127.4181468
꽃동네,214,37.5753587,127.0422502
나주농협송현지점,16872,35.0507889,126.72315
나주동신대,30749,35.0487389,126.7204694
나주북초교,2266,35.0512528,126.7258889
나주축산농협,6976,34.99523605,126.71390863827597
남계(장성),1174,35.2698667,126.8294056
남계촌,9246,35.0922296,126.938915
남광주농협,767183,35.1302495,126.9297949
남광주사거리,284453,35.1383381,126.9235649
남광주역,1675603,35.1387064,126.9220025
남구문화예술회관,167542,35.1222075,126.9176944
남구청,358676,35.136541449999996,129.08441855089512
남동,1612,35.1441195,126.9202003
남면보건지소,891,37.7320678,127.5992501
남면사무소,592,34.5095114,127.76678725247392
남부대,274540,35.2068788,126.8430141
남부대시립국제수영장,11360,,
남선산업,83130,35.1076583,126.8848806
남평교,3867,35.0485466,126.8388242
남평농협,5288,35.041963,126.852105
남평미래병원,4458,35.027894,126.83298
남평오거리,226,35.0465083,126.8383694
남해철강(동),47,35.133685,126.766222
남해철강(서),6493,35.1345079,126.7666597
내기마을,58,35.111716,126.691415
내남,4716,35.0889094,126.9312895
내남입구,9424,35.0961507,126.9406045
내등,968,35.1890278,126.7617194
너릿재공원,486,35.0811194,126.9518083
넘은골,73,35.034715,127.065929
노대,10595,35.0991361,126.9051667
노대제,11651,35.10413285,126.90475278812417
노동,178,35.175739,126.7466901
노안남초교,5340,35.0663722,126.7518639
녹동,64970,35.1068152,126.9340426
녹서,435,35.2005918,126.6654237
녹진,375,35.2623972,126.7881917
농막,1740,35.082686,126.8077101
농산물공판장,205649,35.0373003,126.7247163667824
농산물품질관리원,116322,35.2175417,126.8468556
농성1동주민센터,53084,35.1562098,126.8912712
농성SK뷰,49666,35.1537563,126.8865983
농성중흥파크,5647,35.1562569,126.8921918
농성파출소,99075,35.149861,126.889012
농소,320,36.1279792,126.9883634
농업기술원,1541,36.7250701,127.4707834
농장다리,42206,35.1510251,126.9292384
농협공판장,243,35.1523611,126.8996861
농협운천지점,365988,35.1489315,126.8485643
능주고,536,34.9864806,126.9599972
능주교,146,34.9966379,126.959768
능주면사무소,637,34.98989975,126.95795019562881
능주사거리,403,34.9920111,126.9579833
능주역,20,,
능주초교,543,34.9885139,126.9584556
다도초교,430,34.9994172,126.8205295
다사랑병원,9525,35.1294483,126.83798071111632
다사로움1차아파트,143903,35.1743479,126.8002192
다지2구,417,35.0429778,127.0035917
단사공원,10848,35.1478444,126.9382333
단전,23343,35.1836547,126.7965845
단지마을,1322,35.2461171,126.9268358
단지삼거리,4581,35.2490821,126.9253556
닭뫼,931,35.1821318,127.0078816
닭전머리,390,35.1509871,126.9022659
담배인삼공사,9982,35.1548275,126.8905368
대곡,218,37.6317813,126.8102838
대광여고,930654,35.1268477,126.8974717
대덕,1963,42.3946362,129.790857
대덕마을,284,35.0091881,127.8122718
대덕아파트,497,35.008432150000004,126.712243968099
대덕훼미리아파트,44483,35.153300200000004,126.81033913288167
대동고,81959,35.1136065,126.8484406
대동마을,173843,35.1033435,126.8897238
대리교통광장(서),3040,35.0532904,126.9713763
대반초교,130438,35.1747832,126.8098918
대봉,1427,34.4333861,126.3026778
대봉삼거리,547,35.1389389,126.6599764
대산,989,35.178883,128.506319
대산삼거리,372,35.1287348,126.6801173
대성사거리,332187,35.1431266,126.9028927
대성여고,958740,35.118008,126.8984945
대성초교,297050,35.1436642,126.9071001
대야,1632,35.944932,126.8242542
대우디오빌,41017,35.15217095,126.85107314824795
대원정사,2966,35.2271694,126.8839611
대인광장(동),73420,35.1571567,126.9131546
대인광장(북),17932,35.1567029,126.9122373
대인광장(서),23543,35.1559605,126.9114206
대인시장(동),500769,35.1536237,126.9198042
대인시장(서),249218,35.1526246,126.9171057
대전파출소(남),19696,35.276805,126.8886938
대주빌라,86576,35.1694778,126.9372361
대지동상촌,1674,35.0739472,126.8225917
대지동하촌,4598,35.0732611,126.8185722
대진운수,707,35.2396353,126.8936793
대촌동행정복지센터,32275,35.081208,126.834087
대촌마을,7938,37.5694355,126.725563
대촌마을입구,2532,35.2370164,126.8577485
대촌미곡처리장,706,,
대촌한일베라체,41302,35.0820197,126.8316248
덕남,244,35.0939556,126.8988944
덕산아파트,228448,37.60159495,126.9052490609864
덕성,416,35.2502847,128.1236012
덕촌,32,35.3165992,128.1615373
덕흥동,479,40.457045,128.8921873
덕흥마을입구,4137,35.1686561,126.8353257
덕흥삼거리,13655,35.1674423,126.8381587
도곡온천단지,2089,35.029471,126.903647
도곡온천단지입구,3635,35.027807,126.9060772
도금마을회관,1109,,
도덕,157,35.059553,126.805311
도동,6511,35.92533,128.66264
도동고개,553,,
도래,2583,37.5601385,126.9034991
도로교통공단 대신파크,919624,35.1824729,126.909043
도림,1749,37.5633924,126.9812386
도산동,15996,35.1273981,126.792415
도산동행정복지센터,210655,35.128731,126.7923968
도산역,171608,35.1308498,126.787494
도산파출소,9112,35.1290286,126.78547935896582
도선사,10391,37.6551326,126.98960897869648
도선사입구,601,35.1954283,126.9359957
도야,402,42.5508898,140.7634991
도웅리1구,367,35.051524,126.939857
도웅리2구,74,35.050681,126.946182
도천저수지,48668,35.2104213,126.82403080097984
도촌,2006,35.0774972,126.8366611
도촌교,11892,35.2179857,126.8111142
도촌제,15631,,
도현,9094,35.2128756,126.7955857
도호,41,37.5040909,127.0263941
돈보스코학교,13619,,
돌고개역(동),265816,35.15226,126.8963972
돌고개역(서),186787,35.1516937,126.8946768
동강대,283944,35.1689194,126.9202706
동강대후문,137717,35.1703972,126.9244167
동곡,24666,35.0981013,126.7751292
동곡동행정복지센터,2729,,
동곡분토,230,,
동곡송정,2907,,
동곡송정마을입구,1350,,
동광주IC입구,54324,,
동구노인종합복지관,64248,35.1512333,126.9235583
동구문화센터,111107,35.1285279,126.93095948019229
동구청,359056,35.884396,128.6322347
동림I.C입구,39686,35.1743696,126.8515082
동림교,62633,35.1753193,126.8641023
동림마을,2,35.209765,126.6889726
동림삼익아파트,191665,35.1774995,126.8641525
동림푸른마을,341975,35.187121,126.8647765
동면,591,35.3205708,129.0729341
동면농공단지,433,35.02202185,127.02478187955926
동명고,22035,35.1550604,126.7391957
동명고입구,2912,35.1543257,126.7399712
동명정공,3688,35.203157,126.7888113
동명회/송원고,265642,35.1141296,126.8708119
동백훈련장,366,35.1596056,126.7111194
동부교육청,8063,37.4485172,126.74007112761277
동부소방서,252288,35.15456210000001,126.9146547521385
동산교차로,8262,35.1258417,126.8510161
동산교차로(남),1936,35.124333,126.8527556
동산교차로(북),49747,35.1258417,126.8510161
동산마을,4656,35.0615694,126.7490444
동산마을입구,78713,37.4225399,127.1010461
동산아파트,79137,35.16486875,126.80650999057943
동산초교,64852,35.1492028,126.9364278
동산초교옆,62195,35.1491332,126.9370161
동성고,500256,35.1160688,126.89545810033174
동신대한방병원,138645,35.150058,126.896445
동아제약,16012,35.2067764,126.8760205
동암,290,37.4710457,126.7028769
동원촌,11737,35.2220237,126.8282747
동일물산,12170,35.213774,126.809686
동진맨션,23435,35.1585124,126.92902809824551
동천6단지,21794,,
동천동행정복지센터,160876,35.170305,126.8636285
동천마을1단지,269290,35.1723295,126.8608627
동천마을3단지,794625,35.1722002,126.8632123
동천마을6단지,109829,35.1717908,126.8708152
동천우미린아파트,82054,35.1718866,126.8692115
동초교,3710,35.2061792,126.9513598
동촌,48,35.8860383,128.6503042
동하,4931,16.8172845,107.1010378
동호,21,37.55072035,126.90487891089165
두동,340,35.12559,128.80824
두산,189,35.1460775,128.1514443
두산위브아파트,5115,37.58404705,126.9062737985159
두산테크팩,117,,
두암라인동산아파트,138865,35.1723115,126.93648128308512
두암주공아파트,174888,35.163625,126.9368917
두암주공입구,281706,35.1661278,126.9323222
두암중,9649,,
두암지구입구,125545,35.1591706,126.9307873
두암초교,24564,35.1682722,126.9326722
두암타운후문,21984,35.1614639,126.9342667
두촌,798,35.2467712,126.9225169
등촌,8901,37.5512383,126.8646259
라인효친,339755,35.1276199,126.9179981
라정시내버스,569,35.1394371,126.7588017
럭키금속,552,35.134079,126.7709247
럭키아파트,19904,37.6793322,127.04441530950575
로제비앙아파트,4246,35.1263272,126.85118014956672
롯데백화점,195284,37.538994599999995,127.0714316550327
롯데백화점(북),13598,35.1548194,126.9111306
롯데칠성,289342,37.4950773,127.0252199
마곡,167,37.5602492,126.8247463
마당고개,21494,35.1909083,126.877275
마령,269,35.77865,128.04964
마산(서창),6631,35.1275806,126.8312194
마암,474,35.150463,126.6634535
마재대주아파트,380856,35.1275222,126.8575404
마재부영아파트,144688,35.1242631,126.8597029
마재우체국,173696,35.1241809,126.8648349
마재종원아파트,32388,35.1301046,126.8550319
마재호반아파트,13514,35.1262908,126.8561318
마현,716,35.095393,126.814843
만수리,261,36.6333106,127.3333513
만연빌딩,5711,35.0556611,126.9889199
만호마을,80787,35.1321167,126.8510306
만호초교,137676,35.1321711,126.8555255
말바우시장(남),177272,35.1705137,126.9216712
말바우시장(동),757571,35.1724804,126.9244824
말바우시장(서),619876,35.1715278,126.9214278
망월,263,35.1374139,126.6614028
망향동산길,76,35.2099904,126.9313286
매곡대화아파트,193963,35.192137,126.8923064
매곡삼익아파트,123245,35.1882346,126.89343630616402
매동,898,35.1901667,126.7425889
매방골,9303,35.1515282,126.7767951
매성고,209,35.0304034,126.794554
매월동(동),2353,35.1126665,126.8456932
매월동(북),7232,35.1126363,126.8444345
매월종합상가공구단지,1442,35.116714,126.8601607
매월종합상가입구,29873,35.1199591,126.8607348
매일시장입구,85611,35.1482333,126.9317722
매화동(나주),1593,35.019726,126.828486
매화동(장성),1149,35.2669,126.8273611
맥동,1773,,
명도삼거리,277,35.1700972,126.7000639
명동삼거리,645,35.1213278,126.71575
명상의집,14791,35.2158939,126.902218
명지맨션,28141,35.1341341,126.91522095462591
명진고,9604,35.1850296,126.8291595
명진하이테크,2288,35.1962481,126.7905559
명화동,1864,35.1249049,126.7198961
명화리,31,35.123524,126.711609
명화전자,8388,35.1302308,126.7672291
모아2차아파트,223344,35.1279582,126.9141595
모아제일아파트,259804,35.158533399999996,126.86212121396288
목련마을,443635,35.17922,126.8200363
목련마을6단지,394746,35.1768634,126.8173388
목련마을8단지,143865,35.179823,126.814517
무등교회,43421,35.1275974,126.8475329
무등도서관,628817,35.1743775,126.9264609
무등도요,1379,35.1146745,126.7491643
무등산국립공원(원효사),23308,35.1463972,126.9871278
무등산국립공원(증심사),172025,35.1342084,126.9552284
무등산생태탐방원,2335,35.18079975,126.99655772996866
무등스크린,3346,35.1978565,126.79185455362932
무등시장,29161,35.13742795,126.89378296631811
무등시장입구(남),136334,35.1337696,126.8950373
무등시장입구(북),46015,35.1349516,126.8958673
무등야구장,59281,35.170062,126.8869265
무양서원,35186,35.2101753,126.84028719266675
무양서원입구,224738,35.2107556,126.8426667
무진중,58344,35.144625,126.9005167
무학초교,1686,35.0662694,126.8057028
문산중,74586,35.1901114,126.9235384
문성고,89997,35.121987,126.9072026
문성석재,39,35.021853,127.077012
문촌,413,35.114656,126.815036
문화근린공원,15144,35.1840972,126.91555981855143
문화아파트,30995,36.991556349999996,127.115900648177
문화예술위원회,43834,35.02102,126.78213
문화전당역,1033044,35.1454323,126.9211986
문화중,303998,35.1775972,126.9236389
문화초교,135361,35.1725528,126.9327861
문흥1동행정복지센터,95088,35.1873556,126.921275
문흥고가,90715,35.1813564,126.9290752
문흥금호아파트,10752,35.1909814,126.9266472
문흥라인동산아파트,143061,35.188868,126.92582
문흥라인아파트,294898,35.1862429,126.9235062
문흥명지아파트,230538,35.1841975,126.9236459
문흥중,147935,35.1864896,126.9201216
문흥중앙초교,25089,35.1835103,126.9216601
문흥지구입구(남),108602,35.1881203,126.933649
문흥지구입구(동),5264,35.1904535,126.9348312
문흥지구입구(서),40117,35.1896205,126.933482
박뫼,73,35.1688203,126.7416184
박호1리,175,35.173973,126.745135
박호동,107,35.1700075,126.7513357
반석,822,36.3914852,127.3151222
반촌,33636,35.1922139,126.8510035
발산,8261,37.5584951,126.8374653
발산교(남),24262,35.158925,126.895063
발산교(북),3466,35.15941,126.895079
방림교,244,35.1317745,126.92529605
방림삼거리,94175,35.1337721,126.9185365
방송통신대,54630,35.2096389,126.8371472
방축마을,1109,35.0301408,126.8330766
방혜,891,35.193103,126.774325
백길마을,571,35.2106806,126.7839556
백동,177,35.0406389,127.0069639
백암,286,37.510018,127.01994
백운광장,382631,35.13095,126.89967
백운우체국,755733,35.1358917,126.9014417
백운초교(남),74927,35.1365053,126.9008702
백운초교(북),24213,35.1379611,126.9014556
백제화학,367,35.188631,126.797436
백화아파트,3252,35.13061795,126.92658351020393
버들마을,349473,36.7846182,127.1495801
버들마을사거리,16565,35.1615342,126.863383
버들주공1단지,42561,35.166487,126.861148
법림사,141,37.4148138,126.6598276
법원,122445,37.5792661,126.9874005
법원입구,288572,35.1520393,126.930601
벽라리(화순역),5632,35.0530321,126.9657231
벽송,620,35.0118389,127.0818722
벽송저수지,17,35.015635,127.078762
벽파정,501,35.2035,126.7668611
변전소,896,35.2065623,126.9315005
병풍리,2090,35.28888,126.89415
보강,1604,35.2126768,126.6587164
보강입구,603,35.2150111,126.6580667
보건대입구,187304,35.1932479,126.849218
보건대후문,64015,35.1916794,126.8428023
보건환경연구원,71804,37.4677877,126.6358182
보광사,68,35.14107705,129.04689734410863
보문고,97547,35.1518091,126.7798905
보촌1구,145,35.223124,126.963217
보촌2구,254,35.2232583,126.9571528
보평리,582,35.2335139,127.0117139
보화촌,1084,35.2060306,126.7633139
보훈병원,264371,37.5298158,127.1428325
보훈병원후문,67165,35.20885,126.8495417
보훈회관(518민주화운동교육관),5357,35.1500521,126.8386236
보훈회관(서),9992,35.1514927,126.8367441
복굴,197,35.110945,126.699052
복다우,2775,35.2180419,126.9482752
복룡입구,36139,35.214279,126.864254
복수,2468,35.0893098,126.856159
복호,452,35.1659712,127.4488861
본량삼거리,1957,35.1797694,126.7256667
본량초교,3875,35.1792528,126.7230028
본량파출소,4956,35.1814737,126.7304406
본량학생야영장,1149,35.1958721,126.6820802
봉산중,69707,35.2088852,126.8448679
봉선1동행정복지센터,49956,35.1310549,126.9108454
봉선2동행정복지센터,157421,35.1231301,126.91602428141343
봉선대화아파트,221572,35.12441645,126.90586803385358
봉선라인광장,69327,35.1278145,126.9104061
봉선라인아파트,22831,35.12605365,126.9071712608658
봉선삼익사거리,152987,35.1267556,126.9112
봉선삼익아파트(남),272582,35.1244,126.912211
봉선삼익아파트(북),2113,35.1258459,126.9132449
봉정,3516,35.1636262,126.6937768
봉주초교,9376,,
봉학,302,39.2975208,125.88522
봉흥마을,343,,
북광주수협,7567,35.1650833,126.9017917
북구보건소,24875,35.2382064,129.0138268
북구차량등록민원실,48788,35.1725877,126.9122625
북구청,523957,35.8838022,128.5813981
북부경찰서,761758,35.2279022,129.0117843
북성,2792,35.1764444,126.7120278
북성중,124041,35.1578127,126.9040808
북초교,13069,35.244187,126.914817
분토(북구),9942,35.1974105,126.9534367
불암,135,35.2221749,128.9278476
비시동,782,35.21349,126.7569556
비아119안전센터(북),4687,35.2210229,126.8232533
비아119안전센터(서),21299,35.2202196,126.8226228
비아1동,299,35.2247413,126.8252042
비아농협,45702,35.2220037,126.8248226
비아동주민센터(앞),43335,35.2217865,126.8245567
비아사거리,158,35.223541,126.8256927
비아중,24909,35.2231996,126.835662
비아중흥아파트,102018,35.2196026,126.8187542
비아호반아파트,41848,35.2233765,126.8240696
비엔날레전시관,57837,35.1824806,126.8910854
비엔날레전시관입구,118145,35.1804102,126.8899856
비엔날레주차장,680,,
빛가람행정복지센터,98054,35.0213295,126.7901
빛고을CC,97196,35.0977747,126.89794343395947
빛고을고입구,113532,35.2130864,126.861397
빛고을노인건강타운,60228,35.1009964,126.8957159
빛고을로입구,3130,35.1996505,126.863603
빛고을복지회관,637,,
빛고을전남대병원,2446,35.0946542,126.8967019
사직공원앞,4145,35.14454,126.914496
사평중,432,,
사평초교,513,35.00765,127.0933611
산덕,379,35.2285806,126.9973944
산동교,34862,36.2197242,127.08981635
산림자원연구소,685,35.0070605,126.8199378
산막,823,35.198303,126.767279
산수2동행정복지센터,89412,35.1550672,126.936624
산수동우체국,11044,35.1554971,126.9308626
산수무등파크,13006,35.1571368,126.9402319
산수보건소,3230,35.1922167,126.7462611
산수시장,28572,35.154138,126.9318503
산수오거리,347795,35.155819,126.9319113
산수오거리(연천),3673,35.1564039,126.9313809
산업인력공단,33917,37.58405245,127.07232150750079
산업인력공단사거리,21789,35.2286809,126.8579236
산월초교입구,46337,35.2118806,126.8371472
산음,1721,39.1234339,125.7222893
산정,28,37.6614794,127.0130759
산정(나주),2852,35.0533222,126.7378667
산정중입구,87193,35.170228,126.802754
산정초교,128067,35.1726753,126.8014288
산제 아랫길,1202,35.0172861,126.8265389
산제 윗길,325,35.0143885,126.8243351
살레시오고,98651,35.2165117,126.8951234
살레시오고교,24816,,
살레시오고입구,34456,35.2152438,126.9000991
살레시오여고,1178253,35.147301,126.9276506
삼각그린타운,268708,35.1962382,126.9001161
삼각호반아파트,12788,35.19342,126.901485
삼광실업,197,35.136717,126.767588
삼도농협대산경제사업장,27,,
삼도동행정복지센터,571,35.1627387,126.6990901
삼도삼거리,2226,35.163468,126.674568
삼도서초교,111,35.1603873,126.6720057
삼도초교,6884,35.16298,126.7015608
삼서면사무소,247,35.2322279,126.64638751822355
삼서우체국,308,35.23147335,126.64636662878067
삼서초교,148,35.2289783,126.6501792
삼성콜센터,11427,35.1633224,126.9091623
삼소동입구,323,35.2463802,126.8874985
삼암,603,35.1626102,126.6788976
삼영특수강,468,35.2089972,126.8102139
삼우아파트,11144,37.30197485,127.00423938796604
삼원맨션,55310,35.1808194,126.9022278
삼익세라믹,183483,35.1306139,126.9294785
삼정초교,87997,35.1668444,126.9372111
삼화교,698,37.23555445,126.862243
상공회의소,117620,35.1479018,129.0613234
상림,2216,34.8823109,127.4606486
상무1동행정복지센터,135638,,
상무고,7254,,
상무금호아파트,70217,35.1492644,126.8431288
상무대우아파트,194971,35.1573026,126.847488
상무라인대주,1714,35.1479165,126.8451988
상무병원,162237,35.1525471,126.8546849
상무시민공원,4857,35.153093350000006,126.8409050055958
상무쌍용금호아파트,39908,35.150701,126.8475028
상무역,135723,35.1461097,126.8488953
상무역(남),26258,35.1461555,126.8485772
상무역(북),16827,35.1476389,126.8486417
상무역입구,376,,
상무자동차학원,98,35.1486668,126.6593088
상무중,242627,35.1452202,126.8572372
상무중흥아파트,26765,35.1514968,126.8453813
상무지구,2093,35.1566161,126.8389694
상무지구입구,262117,35.14993,126.85593461343356
상무한국아파트,3951,35.1557709,126.84613776498685
상무해광한신아파트,26032,35.1539786,126.8428232
상무호반3차,183570,35.159524,126.8630544
상선,21472,35.1189075,126.7804083
상선길,565,,
상수도광산사업소,41099,35.1565566,126.8099664
상전,56762,37.5149642,126.8924781
상지석,2787,35.0866645,126.8405504
상촌(임곡),493,35.231178,126.73101
상칠석,1438,35.073451,126.836467
새한철강,388,35.213338,126.810443
샛터마을,4667,35.1512944,126.7565084
샛터코아,135518,35.1860567,126.9209776
생룡,11136,35.228731,126.899374
서광주세무서,125729,35.1509583,126.8607778
서광주역,2988,35.1247329,126.8474307
서광주우체국,216168,35.146158,126.872469
서광주전화국,46147,35.1536345,126.8940419
서광주한전,128085,35.1508164,126.8928462
서광중,14366,35.1368083,126.9044167
서구국민체육센터,5207,37.566288549999996,126.67786239051125
서구문화센터,703567,35.1308719,126.86021305745007
서구청,219733,37.5433208,126.6767447
서남동행정복지센터,193770,35.5150319,129.33825777190225
서남하이츠(국제양궁장),154688,35.13194675,126.89056839413718
서림초교입구,8135,35.160597,126.900038
서방사거리,31540,35.1647539,126.9196007
서방사거리육교,180868,35.1637481,126.919807
서방시장(남),400400,35.1663431,126.9198185
서방시장(북),9892,35.1672583,126.9194917
서방시장(서),1070,35.1671762,126.9182797
서봉마을,14166,35.1516083,126.7503694
서부농수산물도매시장,5792,35.1175164,126.858029
서부자동차매매단지,7462,35.1139254,126.8562355
서산초교,72793,35.1886028,126.9052417
서석고,51768,35.1525946,126.8809106
서암기계,10532,35.2106147,126.8099057
서영대,280281,35.175845,126.870961
서일초교,381537,35.2112392,126.8978119
서작,61,35.1561656,126.8133638
서진산업,58,35.1302018,126.7624037
서창농협,108834,35.10837,126.827118
서창농협 벽진지점,16468,35.1331375,126.8306651
서창동주민센터,4537,35.1143901,126.829717
서창사거리,9571,35.1391204,126.8317357
서창입구,54502,35.139872,126.8328902
서창치안센터,6501,35.107397,126.820966
서태마을입구,38,35.2371556,126.8214361
석곡동행정복지센터,7788,35.2128147,126.9485068
석곡파출소,4103,35.2139232,126.9485627
석교삼거리,912,35.0933988,126.8147248
석동,302,35.16054,128.70506
석봉운수차고지,415,35.1295889,126.7556412
석산고,19898,35.1360333,126.9085361
석수정,3515,35.2424129,126.873336
석정,329,37.5769302,127.0218662
선교,8543,35.0889808,126.9472016
선암,122314,37.4583474,127.021152
선운리버프라임아파트,24104,,
선운중학교,58883,35.147815699999995,126.7746364376431
선운휴먼시아,72988,,
선진알미늄,1743,35.2061637,126.7867735
선평선창마을입구,385,35.246215,126.778316
성내,1392,39.4462685,126.9606134
성덕교,276457,37.4809818,127.4179258
성덕마을,88724,35.1907718,126.8179321
성산리,5564,35.8059,128.48599
성산마을,3863,35.0097261,127.3869324
성산맨션,107780,35.1813484,126.9114069
성촌마을/전통문화관,38031,35.1340306,126.9528139
세량리,8274,35.0772,126.92366
세방전지,25627,35.18835,126.7949194
세화,8845,35.20736,126.8099243
소쇄원,813,35.183628299999995,127.0121774718285
소촌금호아파트,102529,35.1529083,126.8071889
소촌남계길,4508,35.1516589,126.804936
소촌라인2차아파트,18723,35.150921249999996,126.80033643194636
소촌서라아파트,74158,35.1469528,126.7903
소촌스위트밸리,146777,35.1578722,126.7928667
소태역,127445,35.1233019,126.9326074
솔뫼타운,33289,35.1575866,126.8716297
송강정종점,2839,35.2531528,126.952858
송곡,1464,35.2488744,128.1707086
송림주택,107910,35.131032,126.9181452
송산,3242,37.7372627,127.087251
송산유원지,4188,35.16051845,126.73590224737083
송산유원지(종점),4303,35.1627306,126.7399028
송암공단,40109,35.113963,126.875041
송암공단입구,281629,35.1085367,126.8784883
송암동,42379,39.5708629,125.823369
송원대,204490,35.110731,126.8767744
송정IC,112655,,
송정공원역,806306,35.1433289,126.7988648
송정대덕아파트,123528,35.1354868,126.7977798
송정모아아파트,70364,35.141075,126.802
송정시장,35445,35.1382361,126.7975139
송정신한화아파트,122,,
송정초교,115978,35.1333444,126.7959528
송정파출소(남),60138,35.1431528,126.8035722
송정파출소(북),333915,35.1439757,126.8030019
송정한전,25603,35.1494003,126.788233
송정호반아파트,25818,35.1268261,126.789737
송촌동,886,36.3647565,127.4428203
송하삼익아파트,238306,35.1109801,126.8940253
송학,130,42.5584857,130.3689089
송학입구,425,35.1212481,126.683095
송화마을1단지,3132,35.1091621,126.8997583
송화마을1단지입구,2491,35.110672,126.8991394
송화마을3단지,69524,35.1105806,126.9042201
송화마을4단지,116223,35.107026,126.9041813
송화마을5단지,80434,35.1062853,126.9064052
수곡,7885,42.5173467,129.9553978
수동,394,35.86974,128.58909
수리,1202,52.284199,38.372128
수문초교입구,12643,,
수북,2579,42.3355803,130.5653858
수북면사무소,1984,35.30105,126.9278944
수북사거리,9731,35.3021315,126.9304803
수성,18,41.8327205,129.7382105
수완동,582,35.1933058,126.821099
수완동공원,2410,35.2007536,126.82677
수완모아엘가,461254,35.18833205,126.82465540988
수완보건지소,15905,35.1974661,126.8254005
수완새한포유,146007,35.1875133,126.814205
수완아름공원,12394,35.1844799,126.8275108
수완양우내안애,173468,35.199764,126.8149602
수완영무예다음,65985,35.1953133,126.8186083
수완우미린2차,233010,35.2003481,126.8207216
수완자동차매매단지,720,35.2073534,126.833418
수완중흥S-클래스 1차,242050,35.1813169,126.8181528
수완중흥S-클래스 2차,92857,35.1834217,126.8139492
수완지구,8626,35.1991804,126.8326916
수완진흥더루벤스,31499,35.196305,126.815455
수완현진에버빌1차,291730,35.1949606,126.8232107
수창초교후문,30598,35.1567857,126.908735
수촌,188,40.6918892,128.8769354
수춘,2449,35.085025,126.867259
수피아여고,12454,35.1349972,126.9104444
수호,14303,35.2031588,126.7835507
쉬어가는집,208,35.121133,126.714957
승가마을,135,35.237186,126.7948901
승촌,8077,35.0563167,126.7840472
승촌주택단지,1008,35.0580056,126.7865167
시립공원묘지,945,35.9327377,128.5302221
시립민속박물관,28419,35.186633,126.886396
시립장애인복지관,239619,35.1866463,126.8674605
시립제2요양병원,29675,35.0946779,126.897821
시목,7007,35.2401058,127.9868387
시산,523,35.90626,128.80823
시청,606982,37.5633295,126.9747869
시화문화마을문화관,24880,,
신가동,480759,35.1804938,126.83129972211785
신가사거리,88134,35.1797658,126.8311985
신가우미아파트,236467,35.1850482,126.8357444
신가주공아파트,295850,35.184712149999996,126.83102063515568
신가중,195337,35.1863988,126.8371359
신갈,643,37.2858993,127.11021
신광,3,35.1277171,126.6844366
신광(삼도),522,35.1277171,126.6844366
신기교,69836,35.92414615,126.9723712
신남마을,1807,35.2719028,126.8887742
신당,1548,37.5653839,127.016252
신덕마을,2909,35.1999107,128.9691529
신동마을,630,37.7217659,126.2996751
신동사거리,105000,35.133896,126.789487
신동아아파트,24059,37.51834855,126.98845261412467
신등,1410,35.1952974,126.7705651
신봉정,577,35.190757,126.7648001
신성화학,7791,35.1855361,126.8035806
신세계백화점,741195,37.5608337,126.9816154
신세계백화점(북),158078,35.1597508,126.8834517
신수교,4727,35.2002296,126.8667526
신아산,241,35.230325,126.8243222
신안교,312198,35.17591095,128.78899035
신안교입구,46254,35.1746361,126.89575
신안동행정복지센터,62412,35.1672096,126.8982689
신안사거리,323035,35.1657353,126.9039452
신암마을,71693,35.1214962,126.8845068
신야촌,124,35.1211801,126.815328
신야촌입구,13,35.1252,126.8196556
신양파크호텔,619,35.1535431,126.94321411725872
신용,420,35.2148713,126.8633965
신용두,84664,35.2146034,126.876061
신용마을,5148,35.2436244,126.8782728
신용중입구,62834,35.2117906,126.8642664
신용초등학교,87427,35.21050125,126.85732724750865
신우아파트,309533,35.138888449999996,126.89718305973204
신운,170,35.7340409,126.7567469
신장,7509,42.4804953,85.4633464
신창동우체국,286393,35.1892519,126.8368754
신창부영1차아파트,90768,35.1907442,126.8382152
신창부영2차아파트,58679,35.1905011,126.8351358
신창용수마을,89004,35.1987746,126.8436412
신창중,532862,35.1938936,126.8377607
신창초교,454736,35.198378,126.840203
신창호반아파트,9178,35.1989851,126.8384334
신촌 아랫길(4수원지),2169,35.1793862,126.9610533
신촌 아랫길(임곡),297,35.220656,126.77352
신촌 윗길(4수원지),1035,35.1857329,126.957909
신촌 윗길(임곡),779,35.2215681,126.7749872
신촌(본량),1617,35.1870778,126.6822333
신평,397,35.0952151,128.9606813
신효천마을,10943,35.0981049,126.8781611
신흥맨션,77704,35.1765922,126.93490969760705
신흥목재포장,5044,35.2163757,126.809616
싸이클경기장,12131,37.758735200000004,127.02703935996362
쌍내,966,35.1363333,126.6635528
쌍암공원,211050,35.223701,126.84307090435856
쌍촌시영아파트,334959,35.145193,126.869428
쌍촌역,44186,35.1516857,126.8687692
쌍촌현대아파트,29385,35.1566097,126.86642469383638
아르네코리아,271,35.116556,126.770605
아리랑고개,114530,36.369781219064926,127.34919180947239
안양사,1091,35.1542944,126.9882806
안청,8034,35.2168373,126.8055719
안청농협,25482,35.2167911,126.8012724
압촌마을,21,,
앰코코리아,16798,37.3578284,126.6549133
앵남2구,678,35.048113,126.905647
앵남역,291,35.0502531,126.9057527
양곡,1476,41.1777868,128.937991
양과동,3649,35.0855966,126.8773817
양동교,5716,35.1582181,126.89834515000001
양동복개쇼핑센터,27504,35.1542917,126.9035917
양동시장교차로,141900,,
양동시장역(남),164897,35.1536053,126.9006138
양동시장역(북),672758,35.1541474,126.9012264
양동시장역(천변),25573,35.155161,126.901354
양림교,4976,35.14127655,126.9174876
양림마을,76,35.1606012,126.6961562
양림휴먼시아1차,366149,35.135658,126.9137662950279
양림휴먼시아2차,456128,35.135902400000006,126.91632368792506
양산GS그린자이아파트,22376,,
양산초교,10249,35.2064184,126.8706949
양산초교입구,183960,,
양산타운,117804,35.211757,126.872376
양산택지사거리,191785,35.2104619,126.8787716
양산호반2차,120331,35.2128523,126.8814437
양산호수공원,269457,35.20337515,126.87232456418948
양일로입구,21592,35.2023712,126.9020567
양지,2042,40.1522804,128.3600558
양지마을,32516,35.7939634,126.6373926
양지분교,2439,35.2544389,126.94925
양지초교,77590,35.208245,126.8790465
양촌(대촌),3173,35.0615694,126.7938167
양촌(삼도),175,35.1571778,126.6939611
어등초교,478416,35.1645997,126.8087118
어룡초교,64425,35.1561766,126.7924383
어운,6005,35.2267204,126.9454274
어전,972,37.5624302,126.9967686
에이팩스,356,35.1374152,126.7722212
엔씨백화점,124089,35.1615503,126.9076658
역산공원입구,61854,35.1674941,126.802464
연계삼거리,567,35.2258861,126.73575
연동,1036,34.79817115,126.39304330467652
연동 동길,832,35.2076914,126.7782023
연동 서길,309,35.2044889,126.7724611
연동(담양),433,35.2250306,126.9917194
연동삼거리,339,35.20637,126.7748824
연양리1구,363,35.0419389,126.9627944
연양리2구,234,35.0390361,126.9626194
연제새한아파트,17747,35.1993833,126.8699111
연제외촌,8588,35.196723198167966,126.86895867791426
연제외촌입구,16316,35.197706,126.8663345
연제주공아파트,15020,35.2024662,126.87011349440266
연제현대아파트,38572,35.19903435,126.87125995319397
연진회미술원,108851,35.1322054,126.9382642
연천,4471,38.1007279,127.0737179
연합의원,3702,37.5149969,126.6686365
연호전자,193,35.1298887,126.756869
연화공장,565,35.0347639,126.9609194
염주맨션,294481,35.142482900000005,126.88104354976456
염주사거리(동),252858,35.142866,126.876126
염주사거리(서),237094,35.1435412,126.8740059
염주주공,104054,35.1399861,126.8760444
염주체육관,193914,35.1381816,126.8773836
영광통,487477,35.142507,126.7953896
영광통사거리,61606,35.1405167,126.7951972
영락공원,9268,35.27588445,129.10052601780654
영락공원2단지,5899,35.230894,126.92095
영락공원입구,1969,35.244065,126.915189
영천,1907,35.9590454,128.9388909
영천마을9단지,98780,35.175494,126.8083957
영천초교,144686,35.1718472,126.811977
예림,1638,37.5028319,127.0448142
예술의거리입구,525177,35.1513485,126.9169559
오강리,908,35.0310218,126.7567781
오룡,139,36.3283689,127.4050254
오비맥주,32721,35.1978611,126.8844722
오선동,23256,35.2026696,126.7997842
오성아파트,6377,35.096921449999996,128.9775347443832
오정초교입구,10922,35.1837904,126.911993
오치1동행정복지센터,31559,35.1909874,126.9053724
오치주공,221110,35.187258,126.902988
오치초교,194532,35.1857011,126.898543
오치한전,578365,35.1859889,126.9051194
오치한전(북),90880,35.1859889,126.9051194
오치한전옆,9579,35.1841365,126.9071269
옥동,2544,35.53356,129.28564
옥동차량기지,168,35.1209474,126.7596199
옥산,113,36.282684950000004,128.0941536257796
와산,1573,35.2408836,126.7303824
와우리,1828,35.25094,126.93363
외등,261,35.0379,127.13912
요한병원,35342,35.159414,126.901252
용강입구,294,35.1245076,126.7373736
용곡입구,1916,35.126309,126.7448222
용동(임곡),41,,
용동(평동),1847,35.1346827,126.7503146
용두입구,2378,35.0996389,126.8216545
용두주공,278490,35.2123129,126.8706794
용봉2휴먼시아아파트,78072,35.1717556,126.8981611
용봉동 도나우타운,3960,,
용봉동성당,11179,35.1794211,126.8954762
용봉마을,5238,35.0741167,126.7697944
용봉모아아파트,21750,35.1778069,126.8951955
용봉쌍용아파트,97419,35.187402,126.888715
용봉우미아파트,46357,35.1778462,126.9007703
용봉입구,843,35.0814432,126.7671462
용봉주공,197718,35.1872878,126.8965667
용봉중,141245,35.1869694,126.9096806
용봉초교,173743,35.1699923,126.8997167
용봉한화꿈에그린,96117,35.1810508,126.9043055
용봉현대1차,24917,,
용봉현대1차아파트,19418,35.1771474,126.8890428
용봉현대3차아파트,26179,35.1815275,126.89630933846378
용산교(동구),450,35.1207556,126.9313639
용산교(북구),2030,35.244427,126.8906901
용산마을,3126,34.8663635,128.6356672
용산지구대성베르힐,118375,,
용산지구모아엘가에듀파크,41515,,
용산초교,25796,,
용생,597,35.0343,127.0133889
용성자동차학원,249,35.1500168,126.6590033
용연동,3703,35.1017287,126.9705806
용연정수장,2004,35.0922855,126.958396
용전,1094,35.238618,126.896128
용전사거리(남),13576,35.235746,126.893748
용전사거리(북),44744,35.236854,126.893648
용전입구,6018,35.2409106,126.8954458
용주초교,218324,35.1811993,126.8985316
용호(광산구),824,35.182703,126.679641
용호(북구),7955,35.2104898,126.9449233
우산동중흥S클래스,76700,35.1519583,126.8101596
우산리버힐아파트,69169,35.15906595,126.80638237639269
우산시영2단지(동),129905,35.1588959,126.8029718
우산시영2단지(서),27026,35.1599409,126.8011089
우영아파트,245,37.529020149999994,126.72576034958507
우정사업정보센터,16306,35.0243695,126.79533794705043
우주선어린이공원입구,6283,,
우진아파트,37893,35.1507527,126.9049244173939
우치,2129,51.7687323,19.4569911
우치공원,42153,35.22577685,126.89676579875982
우편집중국,175758,35.2179197,126.8507119
운남삼성아파트,785008,35.17271665,126.81994828668198
운리마을,29034,35.1158146,126.867317
운리초교입구,20184,35.1225711,126.8636947
운림중,226117,35.1320927,126.9431617
운수마을,4552,,
운암3단지,1131691,35.179035,126.875667
운암3동행정복지센터,25855,,
운암마을,341,,
운암벽산블루밍,119133,35.1772175,126.8781021
운암산코오롱하늘채아파트,25233,35.1791905,126.8603333
운암시장,591608,35.1733531,126.8819939804008
운암우미아파트,326788,35.1839993,126.8712437
운암우성아파트,21709,35.18449675,126.87755345101218
운암중,422202,35.1812196,126.8737409
운암초교,302308,35.1794974,126.872144
운천역,199620,37.8799673,126.7699225
운천역(북),41689,35.1513874,126.8583449
운천저수지,565634,35.157975,128.27216849086176
운천초교,81351,35.1536561,126.8474685
운평,2764,35.153135,126.7316301
원광대한방병원,49674,35.129622,126.8853046
원동마을,2842,35.458675,129.2903115
원두공원,75,,
원사호마을,589,,
원산,3302,39.1622129,127.4127121
원삼각마을삼일아파트,32820,35.1983339,126.9037121
원예농협,1619,35.2060264,126.7964346
원임곡,2800,35.2205639,126.7408694
원지리,137,35.25527,128.83853
원화리,1775,39.2507465,125.6630733
월계중,29028,35.2187733,126.8333167
월곡,942,37.60192,127.0414554
월곡2동행정복지센터,11722,35.1724187,126.8056657
월곡마을,163,35.1244943,126.7077062
월곡시장,587034,35.1711889,126.8093917
월곡일신아파트,805891,35.1681051,126.809094
월남동,31460,35.1024332,126.9388594
월드컵경기장,242579,35.867807400000004,127.06458906981494
월드컵경기장 정문,1442,,
월드컵경기장주차장,8289,35.1304365,126.8770587
월봉서원입구,306,35.2363222,126.7381056
월산(본량),1180,35.1984121,126.6812031
월산(삼각동),29490,35.2045459,126.9015625
월산(석곡),3532,35.2104879,126.9496631
월산4동,152914,35.14579485,126.89126297404626
월산5동,278445,35.140634000000006,126.89380686416918
월산마을,205647,35.142138,126.888032
월산마을입구,6535,35.1434431,126.8909204
월산사거리,14193,35.146799,126.903628
월산초교,28149,35.1470778,126.89755
월성,864,35.7379718,126.7059472
월성(담양),2192,35.293122,126.920865
월암,32744,35.1412306,126.8370717
월인,3312,35.2733517,126.8976628
월전(광산구),2205,35.1252672,126.7737447
월전(담양),1828,35.2539611,126.943
월전공원,335,35.1313868,126.7670778
월전공원(남),7813,35.1313868,126.7670778
월전마을,10595,35.1237172,126.7775843
월정,979,35.1945648,128.2218105
월정(장성),98,35.238417,126.817901
유격훈련장,36668,35.21139705,126.90283074291271
유니버시아드힐스테이트,180348,35.1477083,126.8848583
유덕1교차로,585,35.1626507,126.8484315
유덕2교차로,3264,35.1660961,126.8482191
유덕동주민센터,6373,35.164518,126.8528401
유덕초교,297282,35.1646702,126.8633359
유덕치안센터,3394,35.165868,126.854825
유동사거리,307784,35.1597306,126.9065833
유림,2090,37.5652129,126.9773517
유림마을,3447,,
유산교,542,37.73446715,128.91260895
유안초교,4449,35.1258712,126.9162639
유애서원,425,,
유창아파트,322596,35.1771111,126.8970389
유창허니문,13938,35.1774771,126.8988679
유창허니문입구,1663,35.1791734,126.8979863
유촌,1039,35.0600222,126.7900694
육묘장,1135,35.070286,126.8156601
육판리,36471,35.0920497,126.9424801
육판서길,725,35.090885488616216,126.94174677029302
율곡초교,245390,35.1610194,126.9351306
은빛마을,60100,35.1908272,126.8308624
은혜학교,21194,35.232625,126.85015
응기,1326,35.251165,126.890756
응암공원,347023,35.21755255,126.83308918858147
이동,329,37.3102303,126.8546722
이동입구,659,35.0958667,126.8591556
이동입구(서),1207,,
이십곡리,3758,35.07979,126.97101
이장1동,10431,35.087048,126.861759
이장2동,1771,35.0882335,126.8583607
인성고,72216,35.1032598,126.8790325
인지,675,35.223579,126.659551
인탑스(동),248,35.1334523,126.7618066
인탑스(서),14458,35.134435,126.760978
일가정양립지원본부,11898,35.1517411,126.8417843
일곡대림2차아파트,3472,35.2104306,126.8990046
일곡사거리,773443,35.2034947,126.8982436
일곡삼호아파트,69813,35.213503,126.8976512
일곡청솔4차아파트,40497,35.2068721,126.9011234
일곡초교,375809,35.2068391,126.8975022
일곡현대3차아파트,38129,35.209946,126.9013988
일동중,2860,35.2042186,126.8943143
일동초교,12741,35.2068883,126.8941417
일신방직,6450,35.1367337,126.764208
일신초교,2839,35.2104996,126.8962845
임곡교,420,35.9926234,129.4563785
임곡동행정복지센터,187,35.219187,126.744779
임곡역,3130,35.2187556,126.74575
임곡정수장,462,35.215125,126.74675
임동교,246,35.2295371,126.7333435
임동농협,146438,35.162492,126.897635
임동오거리,3438,35.159689,126.897544
임동주공아파트,581,35.1697866,126.88576563469233
임동한국아델리움1차,54929,35.1666448,126.8922855
임동한국아델리움2차,10882,35.1640093,126.8875796
임동행정복지센터,45436,35.1653389,126.8942611
임암,14737,35.0991649,126.8729954
임암입구,909,,
임정,93,37.5652129,126.9773517
입석,566,35.1886306,126.7401528
입암,135,35.2502722,126.9041778
입하마을,48077,,
자연과학고,156202,35.1867404,126.9160443
자치샘삼거리,31620,35.0612389,126.9863083
자풍,1000,35.250444,126.771775
자활촌입구,1950,35.1386033,126.8487609
작동,256,37.5138656,126.81493014392112
잠정햇살마을,72,34.9833087,126.95903529754781
장덕농협,3273,35.1910491,126.8090639
장덕마을,78063,35.1933233,126.8146518
장동마을,1624,35.7102193,126.6824055
장등동,22603,35.2161283,126.9298082
장등마을,3965,35.2151496,126.9297291
장록,754,35.1340611,126.7805194
장성남면농협,585,35.2416972,126.8113194
장성남중,356,35.2434861,126.8127611
장성마산,851,35.2631111,126.791125
장성백운,1013,35.244101,126.781448
장성월곡,311,35.2411056,126.8153194
장수동,2920,37.4538232,126.7524602
장암마을,112846,37.7050933,126.3009866
장원초교(동),24607,35.15615,126.9367
장원초교(서),17474,35.1557972,126.9358778
잿등,19656,35.17979,126.55394
전남고,27280,35.1465809,126.8431195
전남고등학교,281,35.14748525,126.84368690153329
전남고입구,68453,35.1448039,126.8443055
전남공고,43879,35.1944085,126.8458384
전남공고입구,76839,35.1950165,126.8472742
전남공무원교육원,6533,35.1939015,126.89166
전남과학대학포스트비,2534,35.2339744,126.8642374
전남교육연수원,647,35.1823328,127.0131718
전남대,309689,35.1700663,126.9040331
전남대공과대학,387983,35.1784107,126.9122255
전남대동문,242148,35.1767155,126.9122835
전남대병원/남광주시장,1207694,35.1409847,126.9215495
전남대병원오거리/남동성당,378390,,
전남대사거리(동),898138,35.1684578,126.9044641
전남대사거리(서),145401,35.1690295,126.9024679
전남대스포츠센터,707428,35.175121,126.912443
전남대용봉탑,116548,35.17512,126.9059567
전남방직,5226,35.160944,126.893999
전남여고,391499,35.1508608,126.9202341
전남학숙,12485,35.0526684,126.9093363
전대동창회관,44426,35.1660222,126.9138167
전대치과병원,140425,35.1715694,126.90325
전력거래소,41386,35.02257335,126.78042899957049
전망대,1912,35.5453026,128.9807804665523
전자공고,137557,35.2151528,129.0774772
전통공예문화학교,7532,35.2422222,126.8977611
절골입구(북),882,35.1108776,126.8290325
절골입구(서),1684,35.1107609,126.8287126
정광고입구,198167,35.1527861,126.7929889
정렬사,26290,35.043605,126.716077
정부광주지방합동청사,13306,35.22412395,126.84968667499999
정부광주지방합동청사입구,17322,35.2219592,126.849313
정수장입구,140,35.0540111,126.9979917
정우화학,17630,35.1857167,126.7992222
제2광천교,157444,35.1702675,126.884211
제2수원지,1538,35.1030413,126.9658164958667
제석초교,25081,35.127819,126.9074188
제일맨션,27428,37.5210872,126.96841260152101
제일장식,14180,35.05675,126.9924472
제일화학,325,35.1886417,126.8029
조각배어린이공원,59246,35.1028312,126.9027936
조봉초교,199662,35.1230472,126.9121222
조산동길,213,35.107310824356276,126.7651065366273
조산서길,489,,
조선대,316373,35.1437915,126.9254189
조선대공과대학,530475,35.1422462,126.9244133
조선대대학원,3526,,
조선대병원,419106,,
조선대장미원,68757,35.141979,126.92805
조선대해오름관,95016,,
종산,219,34.9721139,126.4945556
종산제입구,346,35.2446028,126.7400667
종합유통단지,8976,35.90760725,128.61139041403757
주공아파트,260818,37.470333049999994,127.02425526410883
주남,77112,35.1017417,126.9391547
주도리입구,176,35.0293976,126.9544901
주룡,4442,35.2232446,126.9464404
주월명지아파트,16424,,
주월주택단지,302714,35.1353341,126.8987663
주월중입구,269244,35.128366,126.904687
주월초교,122788,35.143225,126.883922
죽곡(남),2102,35.2021033,126.9541552
죽곡(북),2375,35.204492,126.952969
죽산,1416,36.05943,126.83109
중방,896,35.152797,126.735609
중소기업진흥공단호남연수원,2357,35.2002427,126.934141
중앙교회,884,35.8826012,128.605594
중앙대교(동),7781,35.146224,126.911796
중앙대교(서),28251,35.1463542,126.9109733
중앙여고,107366,35.1759471,126.8857538
중앙일보,10616,37.5625343,126.972496
중앙초교,42232,35.1486778,126.7936167
중외마을,135753,35.1874057,126.8937174
중촌,4523,36.0715424,126.9622677
중흥1동행정복지센터,21105,35.1616604,126.9149555
중흥2동행정복지센터,10730,35.1697818,126.9079386
중흥삼거리,28919,35.1680167,126.9104351
중흥시장,23682,35.16153025,126.91097915330604
중흥아파트사거리,20353,35.1584275,126.8592403
중흥에코파크,5683,,
중흥초교,137062,35.1631456,126.9137952
지동,482,37.28217,127.02477
지동(광산구),1701,35.160584,126.7077973
지산2동행정복지센터,13960,35.147699,126.935767
지산마을,9481,35.231785,126.896772
지산유원지,2993,35.1502736,126.9448902
지산유원지입구,6116,35.1492346,126.9433222
지산입구,8262,37.7141568,126.5118676
지산중,47303,35.2165152,126.8811992
지산초교,15627,35.2294866,126.8853327
지상정밀,1860,35.2024028,126.8008556
지석사거리,7123,35.080909,126.8337309
지실,1029,35.1857843,127.0063577
지실마을,1841,,
지원2동행정복지센터,61714,,
지원2동행정복지센터입구,155804,,
지원화훼단지,23352,35.1160402,126.9354058
지죽동,937,35.1423163,126.7639959
진곡 동길,13870,35.2076269,126.7952522
진곡 서길,388,35.2111151,126.7885439
진곡공원,1946,35.2093827,126.784378
진곡산단,11818,35.2052092,126.7852494
진곡화물공영차고지,2111,35.193811499999995,126.79383159250617
진남초교,5568,35.108178,126.9029045
진성,95,35.69032335,127.92555054182402
진성아파트,11183,35.1665372,126.8716801797828
진원동초교,575,35.2593056,126.8637889
진원면사무소,1264,35.272565,126.833792
진원초교,513,35.2621333,126.8222222
진월남양휴튼,41973,35.1083173,126.9051428
진월대주아파트,754880,35.1212512,126.8985147
진월리채3차,32417,35.114681,126.907519
진월저수지(동),43664,35.1128462,126.9041007
진월저수지(서),22639,35.1135728,126.9044893
진흥고,28692,35.1949285,126.8419085
찰동,785,35.028089,127.0341949
창교,875,36.8116772,126.7890899
창암,299,35.207289,126.770918
창평고입구,3108,35.2376048,127.014523
창평초교,957,35.239667,127.018787
창평훈련장,688,35.2415972,127.0227306
천교,22630,35.151431099999996,126.9072313
천덕리,120,35.00458,126.96733
천동(광산구),1738,35.2104889,126.7611778
천동(화순),141,35.0296266,127.0480244
천동입구,477,35.0520556,126.7312611
천운장,599,35.032785,127.057297
첨단1동행정복지센터,81069,35.2196243,126.8417958
첨단2동행정복지센터,751649,35.2151237,126.8426671
첨단2부영사랑으로아파트,9398,35.2134593,126.8628321
첨단2체육공원,4649,,
첨단2호반아파트,98538,35.2071876,126.8645138
첨단과학산업단지,33314,35.2025066,126.8638962
첨단금호아파트,43272,35.220961,126.8361991
첨단대우아파트,6631,35.220006,126.831417
첨단도서관,29932,35.2172418,126.8316025
첨단라인8차아파트,53271,35.2149838,126.8348447
첨단라인아파트,268272,35.2179605,126.8386606
첨단롯데마트,186241,35.2167367,126.8530045
첨단병원입구,10623,35.218781,126.8460694
첨단부영아파트,80158,35.2113386,126.8458354
첨단사거리,281498,35.2179522,126.8408393
첨단삼성전자,8592,35.2251727,126.8530381
첨단생활체육공원,100588,35.2100351,126.8515849
첨단우리은행,25301,35.2179485,126.8436254
첨단종점,44089,35.2387393,126.8625324
첨단초교,61565,35.219186,126.8373195
첨단초교후문,53196,35.2211101,126.839813
첨단호반3차아파트,121441,35.2114694,126.8486333
첨단휴먼시아,185136,35.2082654,126.8586226
청명아파트,178939,35.1699028,126.9272722
청풍학생야영장,2217,35.1722354,126.963733
체육고/폴리텍대학,217115,,
초동,730,37.56431,126.99195
축산시험장,727,35.1237924,126.7353067
충장로5가입구,961,35.1505583,126.9110778
충장사(남),2339,35.1616923,126.9807999
충장사(북),1919,35.1619523,126.9802112
충장치안센터,742781,35.1486825,126.9138094
충효동환벽당,1780,35.1867852,127.0024203
치평중,31524,35.1445833,126.8605083
칠석,13,35.0638304,126.8352884
칠성,291,37.5706125,127.0073761
칠성마을,59099,35.1662289,126.8641191
칠성마을사거리,38371,35.1666427,126.8634592
케이엔,9158,35.2085829,126.7815035
코카콜라,30893,35.1978357,126.8794029
큰별초교,14873,35.18306,126.8212151
태령,2894,35.2510944,126.9276139
태목,2749,35.2619111,126.8974472
태봉새마을금고,39959,35.1683019,126.8942072
태양식물원,1551,35.216821,128.575084
팔마아파트,7462,37.1812806,128.96964796483246
패밀리농장,136,35.20534,126.663865
팽호,817,,
평동공원,42,35.1330027,126.7567589
평동산단로,210,35.129047400000005,126.77061065000001
평동역(남),399,35.1246375,126.7679747
평동역(동),28392,35.1248113,126.7687823
평동역(북),2515,35.125216,126.7682071
평동역(서),3260,35.124985,126.7674387
평동우체국,4519,35.1245769,126.7614861
평동중,198,35.1295909,126.7534774
평동초교,1633,35.1261556,126.7560469
평림,495,35.16752,126.690424
평산리,1050,36.3720096,127.8933486
평산리(장성),685,35.2404444,126.7896028
평촌,4456,37.394288,126.9638795
평촌도요지,357,35.1800973,127.0083331
평호동,1613,35.1075648,126.7788405
평화맨션,242234,37.480582600000005,126.94474247218677
포백,2158,35.304507,126.926033
포충사,2534,35.0895457,126.8501707
폭스존,99563,35.22120365,126.85233849264291
풍기산업,572,35.2350639,126.8671611
풍숙,2544,35.172515,126.727998
풍암SK뷰,35071,35.1181977,126.8663976
풍암고정문,7643,35.1220618,126.8669518
풍암금호아파트,90916,35.1245222,126.8834934
풍암대주아파트,31687,35.1193995,126.8632822
풍암동부센트리빌,27368,35.120729,126.8660683
풍암동부아파트,5938,35.1206541,126.8672768
풍암모아아파트,245079,35.12510495,126.87698965818727
풍암사거리(동),247981,35.1224694,126.8614435
풍암사거리(서),3421,35.1216668,126.8592318
풍암우미아파트,276011,35.1266021,126.882571
풍암저수지,83017,35.127687800000004,126.87000263000888
풍암정,2086,35.1602108,126.9871504
풍암한국아파트,232234,35.12040105,126.88151829807589
풍암한신아파트,209701,35.1224245,126.8759617141129
풍영정입구,120346,35.1774667,126.8367111
풍영정천1교,55402,35.17521735,126.81298749999999
풍향삼거리,25669,35.1623797,126.9283113
풍향시장,242740,35.1619382,126.9296064
하남1교,4948,37.895798150000005,128.26770545
하남2지구,130978,35.17595,126.797966
하남3지구모아엘가,25704,35.1819321,126.7951119
하남삼성전자,12601,35.2024429,126.8066833
하남삼성전자사거리(북),3368,35.203084,126.804645
하남중,319987,35.1665534,126.805106
하남철강,14251,35.2132712,126.8005083
하남초교,56043,,
하남초교(북),12460,,
하남홈플러스,55503,35.1767246321101,126.80285786053562
하니움스포츠센터서문,89,,
하선,3357,35.1109426,126.7796431
하완마을,2494,35.2020839,126.822626
하지석,4384,35.0835525,126.8365916
하칠석/고싸움전수관,3811,35.0699667,126.8351375
학2마을아파트,137640,35.1315756,126.9287844
학강교,2233,35.13910775,126.91932835
학강초교,14995,35.1382472,126.9176611
학동(본량),874,35.191857,126.669778
학동(서창),876,35.0974931,126.8243378
학동마을,1356,35.738915250000005,127.92373564536405
학동무등파크,248976,35.1326528,126.9315778
학동증심사입구역,447670,35.1329324,126.9284875
학동평화맨션,45258,35.131537699999996,126.93147146126238
학림교,131629,35.1355075,126.92207264999999
학산,186,35.8294056,128.5377944
학운초교,11999,35.133035,126.9481527
학촌,4391,35.064699,126.802898
한국광기술원,51809,35.2330369,126.858649
한국국토정보공사,414411,35.1562145,126.8485568
한국기초과학지원연구원,10367,35.88685595,128.60705177341094
한국농어촌공사,31810,35.0203402,126.77655424604916
한국농촌경제연구원,67248,35.0226041,126.77758307399097
한국단자공업,1611,35.2135054,126.8170707
한국병원,170920,37.459369,126.693828
한국생산기술연구원,24397,35.22572705,126.84750075802049
한국수자원공사,317948,36.39792025,127.42534029337583
한국알프스,27843,35.1968398,126.7987455
한국은행,179755,36.35645285,127.38224177792603
한국전기연구원,15137,35.1900783,128.7176283
한국전자통신연구원,34177,36.3815414,127.36624669414262
한보요업,161,35.047089,126.999311
한빛1교,2974,35.026472,126.79155485
한양아파트,22266,37.52153235,126.93244141826526
한재중,5595,35.274493,126.888556
한재초교,3093,35.278008,126.890663
한전KDN,73129,35.02225375,126.78312757711029
해태아파트,122011,35.1558601,126.87085760463319
해태제과,38936,35.1953289,126.8767746
해평리,498,37.8302119,126.4900594
행정,823,35.6164025,129.0463359
행정리,2912,35.78966,128.65101
향교,186001,35.14556,126.909608
향등,972,35.0898682,126.8776753
향토문화거리입구,5617,35.1676667,126.9163639
향토음식박물관,322194,35.2020982,126.8966456
혁신로,1704,35.875583111221616,127.07569108304165
현대교통,2636,35.120566,126.780232
현대아파트,384698,37.505838600000004,127.12647564656791
현대위아,22321,36.8491622,126.44289772307167
현대자동차,650270,37.52216835,127.02783678905269
현진기업,1106,35.2343471,126.86062
호가정,5892,35.0913936,126.7727942
호남권역재활병원,12660,35.22550675,126.8831978214937
호남대,324173,35.1495943,126.7686569
호남맨션,87969,35.142200700000004,126.8609398270315
호남삼육고,41608,35.13026,126.894867
호남삼육고입구,70694,35.1297262,126.8981001
호남샤니,6584,35.1966744,126.8021761
호수공원,62829,37.368380450000004,126.73778290579249
홍림교,159078,35.1320492,126.93629870000001
화남마을,2666,35.043945,126.904168
화산(장성),841,35.196869,126.666483
화순공공도서관입구,99531,35.0624444,126.9836528
화순광업소,217,35.0334278,127.070025
화순교(남),15076,35.059615,126.989255
화순교(동),8541,35.0604028,126.9893639
화순군선거관리위원회,9953,35.063325,126.9800056
화순미륭아파트,26341,35.0574528,126.9923083
화순부영3차아파트,20996,35.061239549999996,126.99356593024407
화순부영아파트,71435,35.0589583,126.9923083
화순사평,99,35.0061528,127.098825
화순서라아파트,8480,35.053123,126.9692586
화순역,6986,35.0525448,126.9622057
화순영재교육원,75,35.03195,127.0144417
화순용곡마을,5848,35.0602409,126.9977957
화순우체국,40169,35.0603798,126.9914882
화순전남대병원,33846,35.059115,127.002129
화순전남대병원입구,4413,35.0604028,126.9996333
화순제일중,24035,35.0544063,126.9763244
화순중(남),10022,35.0556242,126.9788493
화순터널,751,35.0753556,126.9611306
화순터미널,16513,35.0557832,126.9831576
화암,8190,35.1545333,126.9695417
화암마을위,1042,35.1581415,126.9740306
화인특장,1842,,
화장뒷길,420,35.075863,126.804238
화장앞길,746,35.0740278,126.8036583
화정남초교,101518,35.1391944,126.8731694
화정무등파크,39382,35.1572474,126.8795928
화정사거리,88566,35.1518962,126.8767248
화정역,50420,35.152251,126.8775208
화정우성아파트,31783,,
화정중,226539,35.1453389,126.8821639
화정중흥파크,376575,35.1553188,126.8831627
화정현대아파트,126316,35.1538809,126.8768153
화천기공,4372,35.1955201,126.80550756840765
화훼단지,71648,37.5573958,126.7665293
황곡입구,12,,
황산,1374,36.8480389,127.9797056
회룡(광산구),372,35.1239,126.6957417
효덕동행정복지센터,19515,35.1120833,126.898125
효동초교입구,327705,35.1706973,126.911277
효령노인복지타운,30310,35.24177,126.912247
효령동,1117,35.2393004,126.9133547
효천1LH1단지아파트,3316,,
효천물빛노닐터,271,35.10437465,126.86468570714217
효천천년나무3단지,13181,35.1016909,126.8889592
효천초교,129373,35.1004131,126.8831654
흑석,683,37.5083823,126.9639489
흑석사거리(남),25746,35.178272,126.807785
흑석사거리(동),211707,35.180088,126.810953
흑석사거리(서),72947,35.1779627,126.80539613511695
희망가아파트,10919,35.143124400000005,126.85144010204566
힐스테이트 각화,15790,35.1861982,126.93683716592642
힐스테이트연제아파트,54496,,
